,pair_id,chain,angle,value
0,1,E,psi,-2.0863585627971784
1,1,E,psi,-2.2279544386168295
2,2,E,psi,-0.16704455339329666
3,2,E,psi,2.7448493997490582
4,3,E,psi,-2.9123272666954398
5,3,E,psi,-2.0823485384200935
6,4,E,psi,0.66974331525243591
7,4,E,psi,-2.5461657713257178
8,5,E,psi,-2.3512797387954651
9,5,E,psi,-0.33446058043670585
10,6,E,psi,0.13552509164335541
11,6,E,psi,-1.265705546139176
12,7,E,psi,0.2353235454649038
13,7,E,psi,-0.068687971914283122
14,8,E,psi,-2.2502111436511614
15,8,E,psi,-2.681789920620699
16,9,E,psi,-2.3775843909835332
17,9,E,psi,-2.0691587656980701
18,10,E,psi,-2.3419637309704942
19,10,E,psi,-0.62752443020463999
20,11,E,psi,0.32252337414321836
21,11,E,psi,-2.8255073104848374
22,12,E,psi,-1.9750595372050468
23,12,E,psi,0.37845626084865019
24,13,E,psi,-2.8730265851974406
25,13,E,psi,-3.1082819097612684
26,14,E,psi,-2.9086526665933983
27,14,E,psi,-2.3342613013120985
28,15,E,psi,-2.0034289985539102
29,15,E,psi,0.49344509849985813
30,16,E,psi,2.9141504172154344
31,16,E,psi,0.31678598047914713
32,17,E,psi,0.0067704750336537358
33,17,E,psi,-2.2911253198448831
34,18,E,psi,-2.3927103261974616
35,18,E,psi,-2.4863067685566338
36,19,E,psi,2.8395086397872755
37,19,E,psi,-2.5581315376045026
38,20,E,psi,0.56029528259932648
39,20,E,psi,0.15253629446754549
40,21,E,psi,-0.035068559686288601
41,21,E,psi,-2.0766947960738729
42,22,E,psi,-2.8751446629479798
43,22,E,psi,-2.9569513035156487
44,23,E,psi,-0.81411294602093565
45,23,E,psi,-2.3949374001342649
46,24,E,psi,-2.3837766361670094
47,24,E,psi,-2.3209278529447728
48,25,E,psi,-2.1039252281592575
49,25,E,psi,-2.6107777294482122
50,26,E,psi,-0.45987254081757439
51,26,E,psi,-2.5282119236585192
52,27,E,psi,1.3541436904140991
53,27,E,psi,-1.874222541112647
54,28,E,psi,0.10188335603656315
55,28,E,psi,0.21316550295836337
56,29,E,psi,-2.7005489090802905
57,29,E,psi,-1.920122445652257
58,30,E,psi,0.16121679110474768
59,30,E,psi,-0.13649511846018428
60,31,E,psi,0.057936645615108036
61,31,E,psi,-2.6427830367773653
62,32,E,psi,-2.0058745227933565
63,32,E,psi,-1.8897721904858367
64,33,E,psi,-2.3109131998463273
65,33,E,psi,-2.7019444661306067
66,34,E,psi,-2.2564239256775189
67,34,E,psi,0.58121303739577657
68,35,E,psi,-2.6603410751085668
69,35,E,psi,-1.9542920478971055
70,36,E,psi,-1.849768863689496
71,36,E,psi,-2.5149775508533727
72,37,E,psi,-2.3251598695510096
73,37,E,psi,0.48823333360267723
74,38,E,psi,-0.39537259861912688
75,38,E,psi,-2.1135231483159105
76,39,E,psi,-2.0135085204711038
77,39,E,psi,0.24747246592194372
78,40,E,psi,0.79887126941140707
79,40,E,psi,0.22018236453413803
80,41,E,psi,-0.33441106355778388
81,41,E,psi,-2.3669306810834683
82,42,E,psi,-0.81592083202199917
83,42,E,psi,-1.2638807771185345
84,43,E,psi,-2.3664042168988364
85,43,E,psi,-2.534823650779404
86,44,E,psi,-2.3638487471164482
87,44,E,psi,-2.0861907483672848
88,45,E,psi,-2.1558749104286385
89,45,E,psi,-2.5204422096962533
90,46,E,psi,0.61886480427525925
91,46,E,psi,-2.8022697417059947
92,47,E,psi,-2.3824529407207846
93,47,E,psi,-2.7300141410264716
94,48,E,psi,-2.0607961744682148
95,48,E,psi,-2.0770433900025083
96,49,E,psi,2.5247260768114796
97,49,E,psi,0.51340492353042233
98,50,E,psi,0.28239142157717972
99,50,E,psi,-1.7860699131078255
100,51,E,psi,-2.7715067904568049
101,51,E,psi,-2.9645607476716576
102,52,E,psi,-2.4426433815123807
103,52,E,psi,-2.3989509632386765
104,53,E,psi,-2.5779192479602773
105,53,E,psi,-2.7138846859036958
106,54,E,psi,0.73661479385351747
107,54,E,psi,-2.948073459046054
108,55,E,psi,-2.4818132330483573
109,55,E,psi,-2.6655419460555843
110,56,E,psi,-2.7693196652747316
111,56,E,psi,-2.3562202461803179
112,57,E,psi,0.093231545073186484
113,57,E,psi,-2.1879499435841621
114,58,E,psi,-2.2146942030991754
115,58,E,psi,-2.84282018196987
116,59,E,psi,-2.0818323487911727
117,59,E,psi,-2.177851293727223
118,60,E,psi,-2.7037861273013353
119,60,E,psi,-2.9568353503426108
120,61,E,psi,-0.37069556408843973
121,61,E,psi,3.0842289021351244
122,62,E,psi,-2.3683758763201275
123,62,E,psi,-0.063875583074593248
124,63,E,psi,-2.3413203163909198
125,63,E,psi,0.73208375609616483
126,64,E,psi,-2.2416376353347838
127,64,E,psi,3.019945301379698
128,65,E,psi,-2.0945451983669821
129,65,E,psi,-1.8070429762086075
130,66,E,psi,-2.2039211688554619
131,66,E,psi,-2.9311285958725524
132,67,E,psi,0.81992239785139087
133,67,E,psi,-2.8168299024084527
134,68,E,psi,-2.3456897965006944
135,68,E,psi,-2.4501084795966213
136,69,E,psi,-2.6069994373768934
137,69,E,psi,-2.2290672662322293
138,70,E,psi,-2.0776669355755568
139,70,E,psi,-2.4560506486237164
140,71,E,psi,-2.7827293823243102
141,71,E,psi,-2.2230624390614753
142,72,E,psi,-2.8144378398342784
143,72,E,psi,-2.4782767323548005
144,73,E,psi,0.55460571368972056
145,73,E,psi,0.74457484155294829
146,74,E,psi,0.54717846520280011
147,74,E,psi,0.73897900739879663
148,75,E,psi,0.40375735271308122
149,75,E,psi,0.70206869891748214
150,76,E,psi,0.6521348960023996
151,76,E,psi,-1.3543955145210185
152,77,E,psi,-2.2366404473392727
153,77,E,psi,-0.23208132155446859
154,78,E,psi,0.071178182785483629
155,78,E,psi,-2.3045103564355514
156,79,E,psi,3.1258818020597414
157,79,E,psi,0.14038393084512277
158,80,E,psi,-0.20665341219318928
159,80,E,psi,-2.693691990229885
160,81,E,psi,-3.0173044978727255
161,81,E,psi,-2.4486218673389497
162,82,E,psi,-2.6004038984254141
163,82,E,psi,2.665328520620486
164,83,E,psi,-2.0755281601659825
165,83,E,psi,0.23004770502198946
166,84,E,psi,0.23232698628661716
167,84,E,psi,-3.1413573181399435
168,85,E,psi,0.41713981437958081
169,85,E,psi,-2.0255540204230549
170,86,E,psi,-3.0447402110217232
171,86,E,psi,-2.7486101905943476
172,87,E,psi,-3.1348027874885931
173,87,E,psi,-2.1594773031678973
174,88,E,psi,0.47065677219077728
175,88,E,psi,0.39037288207531512
176,89,E,psi,-2.3560237869159826
177,89,E,psi,0.43098884409659993
178,90,E,psi,-2.891863159437789
179,90,E,psi,-2.5570798098768552
180,91,E,psi,-1.7720650298328002
181,91,E,psi,-2.0124956640308933
182,92,E,psi,-1.9769609729948165
183,92,E,psi,-0.88279411699349164
184,93,E,psi,-0.0094059949881557924
185,93,E,psi,-2.5556433632123183
186,94,E,psi,-1.739513033305353
187,94,E,psi,0.54775616770116953
188,95,E,psi,-2.8175475856753258
189,95,E,psi,-2.1746508698839535
190,96,E,psi,-2.0708574851438457
191,96,E,psi,1.2137427571361394
192,97,E,psi,-3.0992065681503949
193,97,E,psi,3.1150873984651386
194,98,E,psi,-1.6320251529342313
195,98,E,psi,2.6018803870610396
196,99,E,psi,-2.3941785235969015
197,99,E,psi,-0.45664977193510065
198,100,E,psi,-2.5423846943438311
199,100,E,psi,-2.3616947349505835
200,101,E,psi,-0.21558127358679785
201,101,E,psi,-1.4257343065965296
202,102,E,psi,-2.856147859887086
203,102,E,psi,-2.5849614354807415
204,103,E,psi,-2.2989737959283696
205,103,E,psi,-2.5711904841097697
206,104,E,psi,-2.2238076999400587
207,104,E,psi,-1.4792246919572314
208,105,E,psi,0.59657371454882613
209,105,E,psi,0.39229464508713591
210,106,E,psi,0.1674025349254003
211,106,E,psi,0.12570411552001517
212,107,E,psi,0.74583414632807377
213,107,E,psi,0.81619323329812155
214,108,E,psi,0.65218299071871733
215,108,E,psi,0.85071759588246565
216,109,E,psi,0.70649441288993375
217,109,E,psi,0.55724607186998143
218,110,E,psi,0.70524227480125079
219,110,E,psi,0.72534781694232042
220,111,E,psi,0.34313097297916051
221,111,E,psi,-0.48549011650972895
222,112,E,phi,-1.5875678985581017
223,112,E,phi,1.5205611604809084
224,113,E,phi,-1.5887534062133128
225,113,E,phi,-2.4140380469249436
226,114,E,phi,-1.3729324640443255
227,114,E,phi,-1.0225526913097387
228,115,E,phi,1.7883557051771835
229,115,E,phi,-1.1300009940403379
230,116,E,phi,0.98283116874456156
231,116,E,phi,-1.5144256400312508
232,117,E,phi,-2.0345319353073048
233,117,E,phi,-1.1087436948902831
234,118,E,phi,-1.8028305182190616
235,118,E,phi,-1.3787547493304328
236,119,E,phi,-2.0942513064787227
237,119,E,phi,-1.7745766821987305
238,120,E,phi,-1.7299552704069903
239,120,E,phi,-2.0552182768182394
240,121,E,phi,-2.3748421797083332
241,121,E,phi,1.885990492088566
242,122,E,phi,-2.8876018376801516
243,122,E,phi,-1.1919958424392845
244,123,E,phi,-1.9899204742610361
245,123,E,phi,-2.7423085332847701
246,124,E,phi,-1.7942793835422413
247,124,E,phi,-3.001821649076561
248,125,E,phi,-2.1376545844261035
249,125,E,phi,-1.426136799845475
250,126,E,phi,-1.6943159617093515
251,126,E,phi,-2.6738557779015899
252,127,E,phi,-1.1518820037421353
253,127,E,phi,-2.1322336158472197
254,128,E,phi,-2.1874784118255861
255,128,E,phi,-2.0721593778979854
256,129,E,phi,-1.8651105492771936
257,129,E,phi,-2.619775616739958
258,130,E,phi,-1.6505546668808475
259,130,E,phi,-1.0959517330406716
260,131,E,phi,-1.3646202945215555
261,131,E,phi,-1.470467025264188
262,132,E,phi,-1.0322922035066009
263,132,E,phi,-2.2838659151072211
264,133,E,phi,-1.5287666845770795
265,133,E,phi,0.88588215816126537
266,134,E,phi,-1.3439070208514694
267,134,E,phi,-1.8869326677797904
268,135,E,phi,-1.6800206878496429
269,135,E,phi,-1.975833182429503
270,136,E,phi,-1.8721523866602932
271,136,E,phi,1.2017073079461382
272,137,E,phi,-1.4383839044305202
273,137,E,phi,-2.1578804205069413
274,138,E,phi,-1.3563856401261676
275,138,E,phi,-1.398234358811649
276,139,E,phi,-1.7355989885354339
277,139,E,phi,-2.3858333995675367
278,140,E,phi,-1.5277734581647937
279,140,E,phi,-1.6755497795992278
280,141,E,phi,1.6006857467044107
281,141,E,phi,-1.9865347086155709
282,142,E,phi,-1.388951220723138
283,142,E,phi,-2.2739848357716679
284,143,E,phi,-1.7182576966883734
285,143,E,phi,-2.1494626216328512
286,144,E,phi,-1.3196728987483619
287,144,E,phi,-1.4722061797523374
288,145,E,phi,-1.4637618228929441
289,145,E,phi,-2.5095437048996017
290,146,E,phi,-2.4000467554043263
291,146,E,phi,-2.002321683748717
292,147,E,phi,-1.4863375793438982
293,147,E,phi,-1.2042115799157682
294,148,E,phi,-0.92219694816648035
295,148,E,phi,-1.8496080492308182
296,149,E,phi,-1.0199203099492113
297,149,E,phi,-1.8145743751506285
298,150,E,phi,-1.3777371981843698
299,150,E,phi,-1.437460958064481
300,151,E,phi,-1.694030813226024
301,151,E,phi,1.200367389888759
302,152,E,phi,-1.259508554203669
303,152,E,phi,1.1510336956936331
304,153,E,phi,-1.3464407126244042
305,153,E,phi,-2.586288814008638
306,154,E,phi,-2.5970238657453426
307,154,E,phi,-1.9723069614363271
308,155,E,phi,-2.1243325400645223
309,155,E,phi,-1.6548195147412659
310,156,E,phi,-1.2989216444820513
311,156,E,phi,-0.98353594801874344
312,157,E,phi,-2.450500136586546
313,157,E,phi,-1.291043417732509
314,158,E,phi,-1.1595990696483314
315,158,E,phi,-1.5801491916176107
316,159,E,phi,-1.3500155070777937
317,159,E,phi,-2.2640121162265832
318,160,E,phi,-1.5009067628241859
319,160,E,phi,-1.4827694525687503
320,161,E,phi,-2.3943769614323513
321,161,E,phi,-2.3659751271082374
322,162,E,phi,-1.7817018033289993
323,162,E,phi,-1.9517601010610379
324,163,E,phi,-1.2802002318053287
325,163,E,phi,-1.2332438698604888
326,164,E,phi,-1.2181864036919787
327,164,E,phi,-1.6477619630481624
328,165,E,phi,-2.1508070229298819
329,165,E,phi,-1.2888868765193375
330,166,E,phi,-1.2293977704622874
331,166,E,phi,-1.6845477428274502
332,167,E,phi,-0.86700336844666648
333,167,E,phi,1.5669531333480684
334,168,E,phi,-1.1393117701049484
335,168,E,phi,-1.5124064234871111
336,169,E,phi,-2.1050013898685864
337,169,E,phi,-1.8838268674067311
338,170,E,phi,-1.8879709037233181
339,170,E,phi,-2.2300391054112789
340,171,E,phi,3.0265336991394864
341,171,E,phi,-1.7914594850867009
342,172,E,phi,-1.5302696625097041
343,172,E,phi,-0.93901197862677876
344,173,E,phi,-1.8428150305377298
345,173,E,phi,-1.9377285264593067
346,174,E,phi,-1.2756028086761766
347,174,E,phi,-2.2768592617389958
348,175,E,phi,1.794981851476799
349,175,E,phi,-2.4417161005691739
350,176,E,phi,-2.6686610669582045
351,176,E,phi,-1.711832314973301
352,177,E,phi,-1.4229442497185762
353,177,E,phi,-1.5313636368399146
354,178,E,phi,-1.6633729930096675
355,178,E,phi,-1.2767631789360003
356,179,E,phi,-1.8854765428476437
357,179,E,phi,-2.1867590731013764
358,180,E,phi,-2.6409758865274542
359,180,E,phi,-1.6426498128415776
360,181,E,phi,-2.472219699986935
361,181,E,phi,-1.6114925008693082
362,182,E,phi,-1.318917338835383
363,182,E,phi,-1.5442737337017578
364,183,E,phi,-1.4034618144230637
365,183,E,phi,-0.87097193799027406
366,184,E,phi,-1.2954890718675636
367,184,E,phi,-1.2188419496863783
368,185,E,phi,-1.117163061165461
369,185,E,phi,-1.3063712992478149
370,186,E,phi,-1.2900070060234292
371,186,E,phi,-1.13181723835584
372,187,E,phi,-2.3099051637799275
373,187,E,phi,-0.96667593482916259
374,188,E,phi,1.347271811611767
375,188,E,phi,-2.2372667549298781
376,189,E,phi,-1.7826676243515718
377,189,E,phi,-1.872122444882796
378,190,E,phi,-1.3291689414721999
379,190,E,phi,-1.7686387655566538
380,191,E,phi,-1.9879029182900914
381,191,E,phi,-2.4414857808926596
382,192,E,phi,-2.0647901936274673
383,192,E,phi,-2.4598964986061747
384,193,E,phi,2.1800708592269826
385,193,E,phi,-2.3017494444769553
386,194,E,phi,-1.1983550928591173
387,194,E,phi,-1.4356904299097519
388,195,E,phi,1.5886043727621106
389,195,E,phi,1.5318158653588949
390,196,E,phi,-2.2343416442761508
391,196,E,phi,-2.9269136089242487
392,197,E,phi,-1.6742211803570939
393,197,E,phi,-2.5624776113849053
394,198,E,phi,-0.77196019340809274
395,198,E,phi,1.9592733544076077
396,199,E,phi,-1.5224545694285474
397,199,E,phi,-0.76293025866180497
398,200,E,phi,1.6132375074771017
399,200,E,phi,-1.3139182945175221
400,201,E,phi,-1.2835572043258292
401,201,E,phi,-2.0853470770618241
402,202,E,phi,-1.8702628004104356
403,202,E,phi,-2.0450398614735668
404,203,E,phi,0.9635505776607507
405,203,E,phi,1.3481925668373556
406,204,E,phi,-2.050621143710301
407,204,E,phi,-1.4478046252435239
408,205,E,phi,-1.4981986888206134
409,205,E,phi,-2.4965176028499823
410,206,E,phi,-2.1775899546143207
411,206,E,phi,-0.94227757341836837
412,207,E,phi,-2.068908559446764
413,207,E,phi,-2.6797688419717245
414,208,E,phi,-3.1147999480426671
415,208,E,phi,-1.7060987090173521
416,209,E,phi,1.1453573691399144
417,209,E,phi,-2.4160250466825257
418,210,E,phi,0.98149753418252517
419,210,E,phi,-1.3489435377685493
420,211,E,phi,-1.2465558186272478
421,211,E,phi,1.188772925958782
422,212,E,phi,-2.330222814939066
423,212,E,phi,-1.1794130581089233
424,213,E,phi,-1.1274047126655495
425,213,E,phi,-1.8740994744668025
426,214,E,phi,-2.230664332996303
427,214,E,phi,-1.2693733969345942
428,215,E,phi,-1.3485552613741587
429,215,E,phi,-0.96073472569745932
430,216,E,phi,-1.0536123646384159
431,216,E,phi,-1.3323861142918019
432,217,E,phi,-1.9078829916354092
433,217,E,phi,-0.96477968982118556
434,218,E,phi,-1.1199239328942014
435,218,E,phi,-1.0784444981246475
436,219,E,phi,-1.2644283883355349
437,219,E,phi,-1.0014571755175794
438,220,E,phi,-1.3401555155796883
439,220,E,phi,-1.236504163951746
440,221,E,phi,-1.0654882340199532
441,221,E,phi,-1.3192675999528125
442,222,E,phi,-2.0331139222100156
443,222,E,phi,-2.4396966957326383
444,1,I,psi,0.89990612317719099
445,1,I,psi,3.1110651780922565
446,2,I,psi,0.44212986583710084
447,2,I,psi,0.39783831629951966
448,3,I,psi,0.12958617487590884
449,3,I,psi,0.068553215701867398
450,4,I,psi,-2.5849736813116779
451,4,I,psi,-2.6430528240862636
452,5,I,psi,-2.3725586316526539
453,5,I,psi,-1.846177328648259
454,6,I,psi,0.74897315894366656
455,6,I,psi,-3.0512612194230591
456,7,I,psi,0.51373327753170506
457,7,I,psi,-2.714153151098845
458,8,I,psi,-0.68168378845461985
459,8,I,psi,-2.8651422781896061
460,9,I,psi,-1.3847642588300551
461,9,I,psi,-2.1238788453508
462,10,I,psi,-2.1355174098536049
463,10,I,psi,3.0888970553617003
464,11,I,psi,-2.502343338888112
465,11,I,psi,-2.6205400869048567
466,12,I,psi,-2.080547642133117
467,12,I,psi,-1.7327012181104455
468,13,I,psi,0.38843130782053537
469,13,I,psi,0.77180911944606556
470,14,I,psi,0.46126470209455411
471,14,I,psi,-0.54157093819345947
472,15,I,psi,-3.0271366732792684
473,15,I,psi,-2.2849570166155866
474,16,I,psi,-2.8732045348796995
475,16,I,psi,-2.6975102464714733
476,17,I,psi,-2.8635623137547745
477,17,I,psi,-2.1656977379917124
478,18,I,psi,-2.2117302102738976
479,18,I,psi,0.22779578882556917
480,19,I,psi,-0.073040643690977139
481,19,I,psi,-2.67149472663586
482,20,I,psi,-0.60810196578553577
483,20,I,psi,-2.4787509260595191
484,21,I,psi,-3.0740533670279726
485,21,I,psi,0.52029808168501424
486,22,I,psi,-1.0702564649525423
487,22,I,psi,-1.9344223403274889
488,23,I,psi,-2.6805901671767822
489,23,I,psi,0.3467064085877265
490,24,I,psi,-2.7741684631795867
491,24,I,psi,0.59340161351493703
492,25,I,psi,0.75385911851252851
493,25,I,psi,0.821721731347266
494,26,I,psi,0.80232702491740715
495,26,I,psi,0.67240888056014758
496,27,I,psi,0.70694890914523323
497,27,I,psi,0.76478243828432058
498,28,I,psi,0.4795781868230049
499,28,I,psi,-1.8919039345081454
500,29,I,psi,-0.26861312812097982
501,29,I,phi,-1.0975668290123755
502,30,I,phi,-1.4689327072244405
503,30,I,phi,-1.2242851460064887
504,31,I,phi,-1.2212252876472187
505,31,I,phi,-1.8240989458252934
506,32,I,phi,-1.3389827262470757
507,32,I,phi,-1.2067834383360998
508,33,I,phi,-1.0458331298639325
509,33,I,phi,-1.871154774491713
510,34,I,phi,-1.1715186873204511
511,34,I,phi,1.3775470571255266
512,35,I,phi,-1.3518913668723247
513,35,I,phi,-1.2295861331321392
514,36,I,phi,-2.0402739284143441
515,36,I,phi,-1.5276288276117702
516,37,I,phi,-1.9644411193075015
517,37,I,phi,-1.8420837924134625
518,38,I,phi,-1.5621770011790603
519,38,I,phi,-2.2462127071643572
520,39,I,phi,-2.1368649026659754
521,39,I,phi,-2.3461299823408961
522,40,I,phi,-1.3196240065079075
523,40,I,phi,-1.6054398343026581
524,41,I,phi,-1.1448985133951388
525,41,I,phi,-1.1985602251279479
526,42,I,phi,-1.3794330375983985
527,42,I,phi,1.2597861288211123
528,43,I,phi,-2.5979641951140944
529,43,I,phi,-1.4489909840151407
530,44,I,phi,-2.0452687958422082
531,44,I,phi,-1.6490836110989211
532,45,I,phi,-2.7980280833767979
533,45,I,phi,-1.69437551367977
534,46,I,phi,-1.8789364855654767
535,46,I,phi,-1.3240928557672096
536,47,I,phi,1.8622046245370263
537,47,I,phi,-2.734321844268587
538,48,I,phi,1.2176724040318958
539,48,I,phi,-0.87625691683940676
540,49,I,phi,-1.6714494423248074
541,49,I,phi,-1.3255411653012366
542,50,I,phi,-1.2420689251609187
543,50,I,phi,-2.6654091109814582
544,51,I,phi,-2.1742454804340561
545,51,I,phi,-1.5519089248079125
546,52,I,phi,-2.4870840633778406
547,52,I,phi,-1.0443106071593575
548,53,I,phi,-1.1579665612466492
549,53,I,phi,-1.0169156095813991
550,54,I,phi,-1.0489236696376329
551,54,I,phi,-1.1252084004758451
552,55,I,phi,-1.1212979665218989
553,55,I,phi,-1.430903590976957
554,56,I,phi,-1.8865093718258445
555,56,I,phi,-1.1188060856652116
556,57,I,phi,2.1583730360677365
557,57,I,phi,-1.8575128357448778
558,58.0,,,
559,58.0,,,
560,59.0,,,
561,59.0,,,
562,60.0,,,
563,60.0,,,
564,61.0,,,
565,61.0,,,
566,62.0,,,
567,62.0,,,
568,63.0,,,
569,63.0,,,
570,64.0,,,
571,64.0,,,
572,65.0,,,
573,65.0,,,
574,66.0,,,
575,66.0,,,
576,67.0,,,
577,67.0,,,
578,68.0,,,
579,68.0,,,
580,69.0,,,
581,69.0,,,
582,70.0,,,
583,70.0,,,
584,71.0,,,
585,71.0,,,
586,72.0,,,
587,72.0,,,
588,73.0,,,
589,73.0,,,
590,74.0,,,
591,74.0,,,
592,75.0,,,
593,75.0,,,
594,76.0,,,
595,76.0,,,
596,77.0,,,
597,77.0,,,
598,78.0,,,
599,78.0,,,
600,79.0,,,
601,79.0,,,
602,80.0,,,
603,80.0,,,
604,81.0,,,
605,81.0,,,
606,82.0,,,
607,82.0,,,
608,83.0,,,
609,83.0,,,
610,84.0,,,
611,84.0,,,
612,85.0,,,
613,85.0,,,
614,86.0,,,
615,86.0,,,
616,87.0,,,
617,87.0,,,
618,88.0,,,
619,88.0,,,
620,89.0,,,
621,89.0,,,
622,90.0,,,
623,90.0,,,
624,91.0,,,
625,91.0,,,
626,92.0,,,
627,92.0,,,
628,93.0,,,
629,93.0,,,
630,94.0,,,
631,94.0,,,
632,95.0,,,
633,95.0,,,
634,96.0,,,
635,96.0,,,
636,97.0,,,
637,97.0,,,
638,98.0,,,
639,98.0,,,
640,99.0,,,
641,99.0,,,
642,100.0,,,
643,100.0,,,
644,101.0,,,
645,101.0,,,
646,102.0,,,
647,102.0,,,
648,103.0,,,
649,103.0,,,
650,104.0,,,
651,104.0,,,
652,105.0,,,
653,105.0,,,
654,106.0,,,
655,106.0,,,
656,107.0,,,
657,107.0,,,
658,108.0,,,
659,108.0,,,
660,109.0,,,
661,109.0,,,
662,110.0,,,
663,110.0,,,
664,111.0,,,
665,111.0,,,
666,112.0,,,
667,112.0,,,
668,113.0,,,
669,113.0,,,
670,114.0,,,
671,114.0,,,
672,115.0,,,
673,115.0,,,
674,116.0,,,
675,116.0,,,
676,117.0,,,
677,117.0,,,
678,118.0,,,
679,118.0,,,
680,119.0,,,
681,119.0,,,
682,120.0,,,
683,120.0,,,
684,121.0,,,
685,121.0,,,
686,122.0,,,
687,122.0,,,
688,123.0,,,
689,123.0,,,
690,124.0,,,
691,124.0,,,
692,125.0,,,
693,125.0,,,
694,126.0,,,
695,126.0,,,
696,127.0,,,
697,127.0,,,
698,128.0,,,
699,128.0,,,
700,129.0,,,
701,129.0,,,
702,130.0,,,
703,130.0,,,
704,131.0,,,
705,131.0,,,
706,132.0,,,
707,132.0,,,
708,133.0,,,
709,133.0,,,
710,134.0,,,
711,134.0,,,
712,135.0,,,
713,135.0,,,
714,136.0,,,
715,136.0,,,
716,137.0,,,
717,137.0,,,
718,138.0,,,
719,138.0,,,
720,139.0,,,
721,139.0,,,
722,140.0,,,
723,140.0,,,
724,141.0,,,
725,141.0,,,
726,142.0,,,
727,142.0,,,
728,143.0,,,
729,143.0,,,
730,144.0,,,
731,144.0,,,
732,145.0,,,
733,145.0,,,
734,146.0,,,
735,146.0,,,
736,147.0,,,
737,147.0,,,
738,148.0,,,
739,148.0,,,
740,149.0,,,
741,149.0,,,
742,150.0,,,
743,150.0,,,
744,151.0,,,
745,151.0,,,
746,152.0,,,
747,152.0,,,
748,153.0,,,
749,153.0,,,
750,154.0,,,
751,154.0,,,
752,155.0,,,
753,155.0,,,
754,156.0,,,
755,156.0,,,
756,157.0,,,
757,157.0,,,
758,158.0,,,
759,158.0,,,
760,159.0,,,
761,159.0,,,
762,160.0,,,
763,160.0,,,
764,161.0,,,
765,161.0,,,
766,162.0,,,
767,162.0,,,
768,163.0,,,
769,163.0,,,
770,164.0,,,
771,164.0,,,
772,165.0,,,
773,165.0,,,
774,166.0,,,
775,166.0,,,
776,167.0,,,
777,167.0,,,
778,168.0,,,
779,168.0,,,
780,169.0,,,
781,169.0,,,
782,170.0,,,
783,170.0,,,
784,171.0,,,
785,171.0,,,
786,172.0,,,
787,172.0,,,
788,173.0,,,
789,173.0,,,
790,174.0,,,
791,174.0,,,
792,175.0,,,
793,175.0,,,
794,176.0,,,
795,176.0,,,
796,177.0,,,
797,177.0,,,
798,178.0,,,
799,178.0,,,
800,179.0,,,
801,179.0,,,
802,180.0,,,
803,180.0,,,
804,181.0,,,
805,181.0,,,
806,182.0,,,
807,182.0,,,
808,183.0,,,
809,183.0,,,
810,184.0,,,
811,184.0,,,
812,185.0,,,
813,185.0,,,
814,186.0,,,
815,186.0,,,
816,187.0,,,
817,187.0,,,
818,188.0,,,
819,188.0,,,
820,189.0,,,
821,189.0,,,
822,190.0,,,
823,190.0,,,
824,191.0,,,
825,191.0,,,
826,192.0,,,
827,192.0,,,
828,193.0,,,
829,193.0,,,
830,194.0,,,
831,194.0,,,
832,195.0,,,
833,195.0,,,
834,196.0,,,
835,196.0,,,
836,197.0,,,
837,197.0,,,
838,198.0,,,
839,198.0,,,
840,199.0,,,
841,199.0,,,
842,200.0,,,
843,200.0,,,
844,201.0,,,
845,201.0,,,
846,202.0,,,
847,202.0,,,
848,203.0,,,
849,203.0,,,
850,204.0,,,
851,204.0,,,
852,205.0,,,
853,205.0,,,
854,206.0,,,
855,206.0,,,
856,207.0,,,
857,207.0,,,
858,208.0,,,
859,208.0,,,
860,209.0,,,
861,209.0,,,
862,210.0,,,
863,210.0,,,
864,211.0,,,
865,211.0,,,
866,212.0,,,
867,212.0,,,
868,213.0,,,
869,213.0,,,
870,214.0,,,
871,214.0,,,
872,215.0,,,
873,215.0,,,
874,216.0,,,
875,216.0,,,
876,217.0,,,
877,217.0,,,
878,218.0,,,
879,218.0,,,
880,219.0,,,
881,219.0,,,
882,220.0,,,
883,220.0,,,
884,221.0,,,
885,221.0,,,
886,222.0,,,
887,222.0,,,
888,1.0,,,
889,1.0,,,
890,2.0,,,
891,2.0,,,
892,3.0,,,
893,3.0,,,
894,4.0,,,
895,4.0,,,
896,5.0,,,
897,5.0,,,
898,6.0,,,
899,6.0,,,
900,7.0,,,
901,7.0,,,
902,8.0,,,
903,8.0,,,
904,9.0,,,
905,9.0,,,
906,10.0,,,
907,10.0,,,
908,11.0,,,
909,11.0,,,
910,12.0,,,
911,12.0,,,
912,13.0,,,
913,13.0,,,
914,14.0,,,
915,14.0,,,
916,15.0,,,
917,15.0,,,
918,16.0,,,
919,16.0,,,
920,17.0,,,
921,17.0,,,
922,18.0,,,
923,18.0,,,
924,19.0,,,
925,19.0,,,
926,20.0,,,
927,20.0,,,
928,21.0,,,
929,21.0,,,
930,22.0,,,
931,22.0,,,
932,23.0,,,
933,23.0,,,
934,24.0,,,
935,24.0,,,
936,25.0,,,
937,25.0,,,
938,26.0,,,
939,26.0,,,
940,27.0,,,
941,27.0,,,
942,28.0,,,
943,28.0,,,
944,29.0,,,
945,29.0,,,
946,30.0,,,
947,30.0,,,
948,31.0,,,
949,31.0,,,
950,32.0,,,
951,32.0,,,
952,33.0,,,
953,33.0,,,
954,34.0,,,
955,34.0,,,
956,35.0,,,
957,35.0,,,
958,36.0,,,
959,36.0,,,
960,37.0,,,
961,37.0,,,
962,38.0,,,
963,38.0,,,
964,39.0,,,
965,39.0,,,
966,40.0,,,
967,40.0,,,
968,41.0,,,
969,41.0,,,
970,42.0,,,
971,42.0,,,
972,43.0,,,
973,43.0,,,
974,44.0,,,
975,44.0,,,
976,45.0,,,
977,45.0,,,
978,46.0,,,
979,46.0,,,
980,47.0,,,
981,47.0,,,
982,48.0,,,
983,48.0,,,
984,49.0,,,
985,49.0,,,
986,50.0,,,
987,50.0,,,
988,51.0,,,
989,51.0,,,
990,52.0,,,
991,52.0,,,
992,53.0,,,
993,53.0,,,
994,54.0,,,
995,54.0,,,
996,55.0,,,
997,55.0,,,
998,56.0,,,
999,56.0,,,
1000,57.0,,,
1001,57.0,,,
1002,1.0,,,
1003,1.0,,,
1004,2.0,,,
1005,2.0,,,
1006,3.0,,,
1007,3.0,,,
1008,4.0,,,
1009,4.0,,,
1010,5.0,,,
1011,5.0,,,
1012,6.0,,,
1013,6.0,,,
1014,7.0,,,
1015,7.0,,,
1016,8.0,,,
1017,8.0,,,
1018,9.0,,,
1019,9.0,,,
1020,10.0,,,
1021,10.0,,,
1022,11.0,,,
1023,11.0,,,
1024,12.0,,,
1025,12.0,,,
1026,13.0,,,
1027,13.0,,,
1028,14.0,,,
1029,14.0,,,
1030,15.0,,,
1031,15.0,,,
1032,16.0,,,
1033,16.0,,,
1034,17.0,,,
1035,17.0,,,
1036,18.0,,,
1037,18.0,,,
1038,19.0,,,
1039,19.0,,,
1040,20.0,,,
1041,20.0,,,
1042,21.0,,,
1043,21.0,,,
1044,22.0,,,
1045,22.0,,,
1046,23.0,,,
1047,23.0,,,
1048,24.0,,,
1049,24.0,,,
1050,25.0,,,
1051,25.0,,,
1052,26.0,,,
1053,26.0,,,
1054,27.0,,,
1055,27.0,,,
1056,28.0,,,
1057,28.0,,,
1058,29.0,,,
1059,29.0,,,
1060,30.0,,,
1061,30.0,,,
1062,31.0,,,
1063,31.0,,,
1064,32.0,,,
1065,32.0,,,
1066,33.0,,,
1067,33.0,,,
1068,34.0,,,
1069,34.0,,,
1070,35.0,,,
1071,35.0,,,
1072,36.0,,,
1073,36.0,,,
1074,37.0,,,
1075,37.0,,,
1076,38.0,,,
1077,38.0,,,
1078,39.0,,,
1079,39.0,,,
1080,40.0,,,
1081,40.0,,,
1082,41.0,,,
1083,41.0,,,
1084,42.0,,,
1085,42.0,,,
1086,43.0,,,
1087,43.0,,,
1088,44.0,,,
1089,44.0,,,
1090,45.0,,,
1091,45.0,,,
1092,46.0,,,
1093,46.0,,,
1094,47.0,,,
1095,47.0,,,
1096,48.0,,,
1097,48.0,,,
1098,49.0,,,
1099,49.0,,,
1100,50.0,,,
1101,50.0,,,
1102,51.0,,,
1103,51.0,,,
1104,52.0,,,
1105,52.0,,,
1106,53.0,,,
1107,53.0,,,
1108,54.0,,,
1109,54.0,,,
1110,55.0,,,
1111,55.0,,,
1112,56.0,,,
1113,56.0,,,
1114,57.0,,,
1115,57.0,,,
